channel_used,roi,impressions,clicks,conversions,acquisition_cost
Facebook,5.0186718464351,180662496,18038175,1446343,410603426
Website,5.014113785557987,183815901,18415351,1477696,416606897
Google Ads,5.0031255980861244,185020154,18342589,1468777,418944514
Email,4.996486502574482,184801107,18493963,1485425,420874104
YouTube,4.993720240769023,183450845,18350935,1463702,416797090
Instagram,4.988705977479635,183738455,18316654,1462938,417124850
